p_val threshold,score_MAE,score_R2
1.0,"[2.7875461912044095, 2.9408580749546553, 2.8923583695761157, 2.9600406562771053, 2.9186654950940025, 2.757411327825648, 2.8645055344495174, 2.915069557876068, 2.8298003633487476, 2.8198363345802413]","[0.7824484716446739, 0.7496454670075547, 0.7675943865050635, 0.7680922521279601, 0.7506377777342074, 0.7861357315418549, 0.7640247686557149, 0.7604017874460969, 0.7565531840801355, 0.7791173075744652]"
0.001,"[2.8104449058119676, 2.9739246790824083, 2.892805978279973, 2.9636730477534994, 2.9137141373408184, 2.7946997781376517, 2.866132732350192, 2.91213412742569, 2.845323892096823, 2.8310059601927002]","[0.7776700148824767, 0.7449553656969702, 0.7662417766662751, 0.7667577107612824, 0.7519884629971573, 0.7822196206077308, 0.7622622988641756, 0.7600639696804846, 0.756680433069581, 0.776305541160069]"
